gene,correlation,mse
ATPIF1,0.99999607,0.0
SRM,0.9999964,0.0
RPL22,0.9999957,0.0
PTP4A2,0.9999955,0.0
ENO1,0.99999666,0.0
AK2,0.99999654,0.0
PSMB2,0.99999726,0.0
RPL11,0.99999684,0.0
MRPS15,0.9999964,0.0
SFPQ,0.999997,0.0
MRPL20,0.99999785,0.0
SRRM1,0.99999636,0.0
STMN1,0.99999696,0.0
NUDC,0.9999972,0.0
SSU72,0.9999958,0.0
EIF3I,0.9999964,0.0
MARCKSL1,0.9999963,0.0
PARK7,0.99999785,0.0
AURKAIP1,0.999997,0.0
HMGN2,0.9999968,0.0
